[{"model": "admin.logentry", "pk": 1, "fields": {"action_time": "2024-05-30T06:45:06.794Z", "user": 1, "content_type": 7, "object_id": "1", "object_repr": "News First News, Author admin.", "action_flag": 1, "change_message": "[{\"added\": {}}]"}}, {"model": "admin.logentry", "pk": 2, "fields": {"action_time": "2024-05-30T06:45:15.657Z", "user": 1, "content_type": 9, "object_id": "1", "object_repr": "Like object (1)", "action_flag": 1, "change_message": "[{\"added\": {}}]"}}, {"model": "admin.logentry", "pk": 3, "fields": {"action_time": "2024-05-30T13:20:25.361Z", "user": 1, "content_type": 7, "object_id": "2", "object_repr": "News Two News, Author admin.", "action_flag": 1, "change_message": "[{\"added\": {}}]"}}, {"model": "admin.logentry", "pk": 4, "fields": {"action_time": "2024-05-30T13:21:26.587Z", "user": 1, "content_type": 8, "object_id": "1", "object_repr": "Comment to News Two News, Author admin., Author admin.", "action_flag": 1, "change_message": "[{\"added\": {}}]"}}, {"model": "admin.logentry", "pk": 5, "fields": {"action_time": "2024-05-30T13:56:12.893Z", "user": 1, "content_type": 6, "object_id": "2", "object_repr": "user1", "action_flag": 1, "change_message": "[{\"added\": {}}]"}}, {"model": "admin.logentry", "pk": 6, "fields": {"action_time": "2024-05-31T06:54:44.222Z", "user": 1, "content_type": 6, "object_id": "3", "object_repr": "user2", "action_flag": 1, "change_message": "[{\"added\": {}}]"}}, {"model": "admin.logentry", "pk": 7, "fields": {"action_time": "2024-05-31T13:22:30.006Z", "user": 1, "content_type": 9, "object_id": "5", "object_repr": "Like object (5)", "action_flag": 1, "change_message": "[{\"added\": {}}]"}}, {"model": "admin.logentry", "pk": 8, "fields": {"action_time": "2024-05-31T13:22:35.189Z", "user": 1, "content_type": 9, "object_id": "6", "object_repr": "Like object (6)", "action_flag": 1, "change_message": "[{\"added\": {}}]"}}, {"model": "admin.logentry", "pk": 9, "fields": {"action_time": "2024-05-31T13:23:15.307Z", "user": 1, "content_type": 8, "object_id": "17", "object_repr": "Comment to News Three News, Author admin., Author user1.", "action_flag": 1, "change_message": "[{\"added\": {}}]"}}, {"model": "admin.logentry", "pk": 10, "fields": {"action_time": "2024-05-31T13:23:28.918Z", "user": 1, "content_type": 8, "object_id": "18", "object_repr": "Comment to News Four News, Author user2., Author user2.", "action_flag": 1, "change_message": "[{\"added\": {}}]"}}, {"model": "admin.logentry", "pk": 11, "fields": {"action_time": "2024-05-31T13:47:13.570Z", "user": 1, "content_type": 7, "object_id": "17", "object_repr": "News хакеры переключились с краж персональных данных на коммерческую тайну, Author user1.", "action_flag": 1, "change_message": "[{\"added\": {}}]"}}, {"model": "admin.logentry", "pk": 12, "fields": {"action_time": "2024-05-31T13:47:51.292Z", "user": 1, "content_type": 6, "object_id": "4", "object_repr": "VasyaTech", "action_flag": 1, "change_message": "[{\"added\": {}}]"}}, {"model": "admin.logentry", "pk": 13, "fields": {"action_time": "2024-05-31T13:47:55.892Z", "user": 1, "content_type": 6, "object_id": "4", "object_repr": "VasyaTech", "action_flag": 2, "change_message": "[]"}}, {"model": "admin.logentry", "pk": 14, "fields": {"action_time": "2024-05-31T13:48:26.177Z", "user": 1, "content_type": 6, "object_id": "4", "object_repr": "user3", "action_flag": 2, "change_message": "[{\"changed\": {\"fields\": [\"Username\"]}}]"}}, {"model": "admin.logentry", "pk": 15, "fields": {"action_time": "2024-05-31T13:48:37.366Z", "user": 1, "content_type": 6, "object_id": "5", "object_repr": "user4", "action_flag": 1, "change_message": "[{\"added\": {}}]"}}, {"model": "admin.logentry", "pk": 16, "fields": {"action_time": "2024-05-31T13:48:40.162Z", "user": 1, "content_type": 6, "object_id": "5", "object_repr": "user4", "action_flag": 2, "change_message": "[]"}}, {"model": "admin.logentry", "pk": 17, "fields": {"action_time": "2024-05-31T13:48:50.271Z", "user": 1, "content_type": 6, "object_id": "6", "object_repr": "user5", "action_flag": 1, "change_message": "[{\"added\": {}}]"}}, {"model": "admin.logentry", "pk": 18, "fields": {"action_time": "2024-05-31T13:49:07.907Z", "user": 1, "content_type": 6, "object_id": "7", "object_repr": "user6", "action_flag": 1, "change_message": "[{\"added\": {}}]"}}, {"model": "admin.logentry", "pk": 19, "fields": {"action_time": "2024-05-31T13:49:20.909Z", "user": 1, "content_type": 6, "object_id": "8", "object_repr": "user7", "action_flag": 1, "change_message": "[{\"added\": {}}]"}}, {"model": "admin.logentry", "pk": 20, "fields": {"action_time": "2024-05-31T13:49:31.714Z", "user": 1, "content_type": 6, "object_id": "9", "object_repr": "user8", "action_flag": 1, "change_message": "[{\"added\": {}}]"}}, {"model": "admin.logentry", "pk": 21, "fields": {"action_time": "2024-05-31T13:49:43.106Z", "user": 1, "content_type": 6, "object_id": "10", "object_repr": "user9", "action_flag": 1, "change_message": "[{\"added\": {}}]"}}, {"model": "admin.logentry", "pk": 22, "fields": {"action_time": "2024-05-31T13:51:02.527Z", "user": 1, "content_type": 6, "object_id": "11", "object_repr": "admin1", "action_flag": 1, "change_message": "[{\"added\": {}}]"}}, {"model": "admin.logentry", "pk": 23, "fields": {"action_time": "2024-05-31T13:52:12.859Z", "user": 1, "content_type": 6, "object_id": "10", "object_repr": "ElenaPuchkova", "action_flag": 2, "change_message": "[{\"changed\": {\"fields\": [\"Username\"]}}]"}}, {"model": "admin.logentry", "pk": 24, "fields": {"action_time": "2024-05-31T13:52:22.926Z", "user": 1, "content_type": 7, "object_id": "18", "object_repr": "News К2Тех и SILA Union подписали соглашение о партнерстве на ЦИПР-2024, Author ElenaPuchkova.", "action_flag": 1, "change_message": "[{\"added\": {}}]"}}, {"model": "admin.logentry", "pk": 25, "fields": {"action_time": "2024-05-31T13:52:55.666Z", "user": 1, "content_type": 6, "object_id": "2", "object_repr": "LizzieSimpson", "action_flag": 2, "change_message": "[{\"changed\": {\"fields\": [\"Username\"]}}]"}}, {"model": "admin.logentry", "pk": 26, "fields": {"action_time": "2024-05-31T13:53:29.034Z", "user": 1, "content_type": 7, "object_id": "19", "object_repr": "News СДЭК восстановил возможность отслеживать посылки на сайте, Author LizzieSimpson.", "action_flag": 1, "change_message": "[{\"added\": {}}]"}}, {"model": "admin.logentry", "pk": 27, "fields": {"action_time": "2024-05-31T13:53:49.348Z", "user": 1, "content_type": 6, "object_id": "8", "object_repr": "vexed", "action_flag": 2, "change_message": "[{\"changed\": {\"fields\": [\"Username\"]}}]"}}, {"model": "admin.logentry", "pk": 28, "fields": {"action_time": "2024-05-31T13:54:06.781Z", "user": 1, "content_type": 7, "object_id": "20", "object_repr": "News Яндекс объявил победителей Программы грантов Yandex Open Source, Author vexed.", "action_flag": 1, "change_message": "[{\"added\": {}}]"}}, {"model": "admin.logentry", "pk": 29, "fields": {"action_time": "2024-05-31T13:54:29.676Z", "user": 1, "content_type": 6, "object_id": "3", "object_repr": "AnnieBronson", "action_flag": 2, "change_message": "[{\"changed\": {\"fields\": [\"Username\"]}}]"}}, {"model": "admin.logentry", "pk": 30, "fields": {"action_time": "2024-05-31T13:55:27.914Z", "user": 1, "content_type": 7, "object_id": "21", "object_repr": "News Valve работает над функцией записи клипов в Steam, Author AnnieBronson.", "action_flag": 1, "change_message": "[{\"added\": {}}]"}}, {"model": "admin.logentry", "pk": 31, "fields": {"action_time": "2024-05-31T14:00:17.006Z", "user": 1, "content_type": 7, "object_id": "22", "object_repr": "News «Тинькофф» разработал собственное ПО для банкоматов на Linux, Author ElenaPuchkova.", "action_flag": 1, "change_message": "[{\"added\": {}}]"}}, {"model": "admin.logentry", "pk": 32, "fields": {"action_time": "2024-05-31T14:57:46.466Z", "user": 1, "content_type": 6, "object_id": "9", "object_repr": "SpanchBob", "action_flag": 2, "change_message": "[{\"changed\": {\"fields\": [\"Username\"]}}]"}}, {"model": "admin.logentry", "pk": 33, "fields": {"action_time": "2024-05-31T14:58:45.883Z", "user": 1, "content_type": 7, "object_id": "15", "object_repr": "News В Институте, Author SpanchBob.", "action_flag": 2, "change_message": "[{\"changed\": {\"fields\": [\"News title\", \"News author\", \"News text\"]}}]"}}, {"model": "admin.logentry", "pk": 34, "fields": {"action_time": "2024-05-31T14:59:08.519Z", "user": 1, "content_type": 7, "object_id": "15", "object_repr": "News В Институте медикобиологических проблем РАН, Author SpanchBob.", "action_flag": 2, "change_message": "[{\"changed\": {\"fields\": [\"News title\"]}}]"}}, {"model": "admin.logentry", "pk": 35, "fields": {"action_time": "2024-05-31T15:00:52.983Z", "user": 1, "content_type": 7, "object_id": "15", "object_repr": "News В Институте медикобиологических проблем РАН испытали нового антропоморфного робота на подвижной платформе, Author SpanchBob.", "action_flag": 2, "change_message": "[{\"changed\": {\"fields\": [\"News title\"]}}]"}}, {"model": "admin.logentry", "pk": 36, "fields": {"action_time": "2024-05-31T15:01:27.788Z", "user": 1, "content_type": 6, "object_id": "4", "object_repr": "IgnatChucker", "action_flag": 2, "change_message": "[{\"changed\": {\"fields\": [\"Username\"]}}]"}}, {"model": "admin.logentry", "pk": 37, "fields": {"action_time": "2024-05-31T15:02:17.230Z", "user": 1, "content_type": 7, "object_id": "23", "object_repr": "News Учёные из AIRI, SberAI и «Сколтеха» нашли способ оптимизировать большие ИИмодели на 10% без потери качества, Author IgnatChucker.", "action_flag": 1, "change_message": "[{\"added\": {}}]"}}, {"model": "admin.logentry", "pk": 38, "fields": {"action_time": "2024-05-31T15:03:02.499Z", "user": 1, "content_type": 7, "object_id": "10", "object_repr": "News «Ъ»: российские компании продолжают закупать для ИИпроектов санкционное оборудование, Author LizzieSimpson.", "action_flag": 2, "change_message": "[{\"changed\": {\"fields\": [\"News title\", \"News author\", \"News text\"]}}]"}}, {"model": "admin.logentry", "pk": 39, "fields": {"action_time": "2024-05-31T15:03:12.368Z", "user": 1, "content_type": 7, "object_id": "10", "object_repr": "News «Ъ»: российские компании продолжают закупать для ИИ-проектов санкционное оборудование, Author LizzieSimpson.", "action_flag": 2, "change_message": "[{\"changed\": {\"fields\": [\"News title\"]}}]"}}, {"model": "admin.logentry", "pk": 40, "fields": {"action_time": "2024-05-31T15:03:21.392Z", "user": 1, "content_type": 7, "object_id": "23", "object_repr": "News Учёные из AIRI, SberAI и «Сколтеха» нашли способ оптимизировать большие ИИ-модели на 10% без потери качества, Author IgnatChucker.", "action_flag": 2, "change_message": "[{\"changed\": {\"fields\": [\"News title\"]}}]"}}, {"model": "admin.logentry", "pk": 41, "fields": {"action_time": "2024-05-31T15:03:51.739Z", "user": 1, "content_type": 6, "object_id": "5", "object_repr": "Sandy", "action_flag": 2, "change_message": "[{\"changed\": {\"fields\": [\"Username\"]}}]"}}, {"model": "admin.logentry", "pk": 42, "fields": {"action_time": "2024-05-31T15:04:06.721Z", "user": 1, "content_type": 7, "object_id": "16", "object_repr": "News Искусственный интеллект требует все новых вычислительных ресурсов. Нас ждет бум строительства дата-центров для ИИ?, Author Sandy.", "action_flag": 2, "change_message": "[{\"changed\": {\"fields\": [\"News title\", \"News author\", \"News text\"]}}]"}}, {"model": "admin.logentry", "pk": 43, "fields": {"action_time": "2024-05-31T15:04:42.588Z", "user": 1, "content_type": 6, "object_id": "6", "object_repr": "Travis_Park", "action_flag": 2, "change_message": "[{\"changed\": {\"fields\": [\"Username\"]}}]"}}, {"model": "admin.logentry", "pk": 44, "fields": {"action_time": "2024-05-31T15:04:44.186Z", "user": 1, "content_type": 7, "object_id": "9", "object_repr": "News Google представила опцию оповещения с дверных видеозвонков Nest на планшеты Pixel, Author Travis_Park.", "action_flag": 2, "change_message": "[{\"changed\": {\"fields\": [\"News title\", \"News author\", \"News text\"]}}]"}}, {"model": "admin.logentry", "pk": 45, "fields": {"action_time": "2024-05-31T15:05:04.407Z", "user": 1, "content_type": 6, "object_id": "7", "object_repr": "Elf", "action_flag": 2, "change_message": "[{\"changed\": {\"fields\": [\"Username\"]}}]"}}, {"model": "admin.logentry", "pk": 46, "fields": {"action_time": "2024-05-31T15:05:32.352Z", "user": 1, "content_type": 7, "object_id": "24", "object_repr": "News Япония сделает все научные исследования открытыми для сообщества, Author Elf.", "action_flag": 1, "change_message": "[{\"added\": {}}]"}}, {"model": "admin.logentry", "pk": 47, "fields": {"action_time": "2024-05-31T15:05:58.677Z", "user": 1, "content_type": 6, "object_id": "12", "object_repr": "deniska-19", "action_flag": 1, "change_message": "[{\"added\": {}}]"}}, {"model": "admin.logentry", "pk": 48, "fields": {"action_time": "2024-05-31T15:06:17.625Z", "user": 1, "content_type": 7, "object_id": "25", "object_repr": "News Вышел nginx 1.27.0, Author deniska-19.", "action_flag": 1, "change_message": "[{\"added\": {}}]"}}, {"model": "admin.logentry", "pk": 49, "fields": {"action_time": "2024-05-31T15:06:53.119Z", "user": 1, "content_type": 7, "object_id": "2", "object_repr": "News Docker hub перестал работать в России, Author admin.", "action_flag": 2, "change_message": "[{\"changed\": {\"fields\": [\"News title\", \"News text\"]}}]"}}, {"model": "admin.logentry", "pk": 50, "fields": {"action_time": "2024-05-31T15:07:38.415Z", "user": 1, "content_type": 7, "object_id": "1", "object_repr": "News Как избежать когнитивной перегрузки: способы оптимизации кода для разработчиков, Author admin.", "action_flag": 2, "change_message": "[{\"changed\": {\"fields\": [\"News title\", \"News text\"]}}]"}}, {"model": "admin.logentry", "pk": 51, "fields": {"action_time": "2024-05-31T15:08:15.614Z", "user": 1, "content_type": 6, "object_id": "13", "object_repr": "Black_cat", "action_flag": 1, "change_message": "[{\"added\": {}}]"}}, {"model": "admin.logentry", "pk": 52, "fields": {"action_time": "2024-05-31T15:08:33.595Z", "user": 1, "content_type": 7, "object_id": "26", "object_repr": "News Монолиты и микросервисы: что выбрать разработчику, Author Black_cat.", "action_flag": 1, "change_message": "[{\"added\": {}}]"}}, {"model": "admin.logentry", "pk": 53, "fields": {"action_time": "2024-05-31T15:09:23.858Z", "user": 1, "content_type": 6, "object_id": "14", "object_repr": "sdek", "action_flag": 1, "change_message": "[{\"added\": {}}]"}}, {"model": "admin.logentry", "pk": 54, "fields": {"action_time": "2024-05-31T15:09:38.059Z", "user": 1, "content_type": 7, "object_id": "27", "object_repr": "News Инструкция по грамотному развёртыванию бэкапов на предприятии, Author sdek.", "action_flag": 1, "change_message": "[{\"added\": {}}]"}}, {"model": "admin.logentry", "pk": 55, "fields": {"action_time": "2024-05-31T15:09:50.393Z", "user": 1, "content_type": 7, "object_id": "1", "object_repr": "News Как избежать когнитивной перегрузки: способы оптимизации кода для разработчиков, Author Travis_Park.", "action_flag": 2, "change_message": "[{\"changed\": {\"fields\": [\"News author\"]}}]"}}, {"model": "admin.logentry", "pk": 56, "fields": {"action_time": "2024-05-31T15:10:50.419Z", "user": 1, "content_type": 8, "object_id": "15", "object_repr": "Comment to News В Институте медикобиологических проблем РАН испытали нового антропоморфного робота на подвижной платформе, Author SpanchBob., Author AnnieBronson.", "action_flag": 2, "change_message": "[{\"changed\": {\"fields\": [\"Comment text\"]}}]"}}, {"model": "admin.logentry", "pk": 57, "fields": {"action_time": "2024-05-31T15:10:58.038Z", "user": 1, "content_type": 8, "object_id": "14", "object_repr": "Comment to News В Институте медикобиологических проблем РАН испытали нового антропоморфного робота на подвижной платформе, Author SpanchBob., Author AnnieBronson.", "action_flag": 2, "change_message": "[{\"changed\": {\"fields\": [\"Comment text\"]}}]"}}, {"model": "admin.logentry", "pk": 58, "fields": {"action_time": "2024-05-31T15:11:06.418Z", "user": 1, "content_type": 8, "object_id": "10", "object_repr": "Comment to News Docker hub перестал работать в России, Author admin., Author AnnieBronson.", "action_flag": 2, "change_message": "[{\"changed\": {\"fields\": [\"Comment text\"]}}]"}}, {"model": "admin.logentry", "pk": 59, "fields": {"action_time": "2024-05-31T15:11:21.559Z", "user": 1, "content_type": 8, "object_id": "5", "object_repr": "Comment to News Docker hub перестал работать в России, Author admin., Author AnnieBronson.", "action_flag": 2, "change_message": "[{\"changed\": {\"fields\": [\"Comment text\"]}}]"}}, {"model": "admin.logentry", "pk": 60, "fields": {"action_time": "2024-05-31T15:11:30.192Z", "user": 1, "content_type": 8, "object_id": "1", "object_repr": "Comment to News Docker hub перестал работать в России, Author admin., Author admin.", "action_flag": 2, "change_message": "[{\"changed\": {\"fields\": [\"Comment text\"]}}]"}}, {"model": "admin.logentry", "pk": 61, "fields": {"action_time": "2024-05-31T15:11:47.783Z", "user": 1, "content_type": 9, "object_id": "7", "object_repr": "Like object (7)", "action_flag": 1, "change_message": "[{\"added\": {}}]"}}, {"model": "admin.logentry", "pk": 62, "fields": {"action_time": "2024-05-31T15:19:51.271Z", "user": 1, "content_type": 9, "object_id": "8", "object_repr": "Like object (8)", "action_flag": 1, "change_message": "[{\"added\": {}}]"}}, {"model": "admin.logentry", "pk": 63, "fields": {"action_time": "2024-05-31T15:19:57.682Z", "user": 1, "content_type": 9, "object_id": "9", "object_repr": "Like object (9)", "action_flag": 1, "change_message": "[{\"added\": {}}]"}}, {"model": "admin.logentry", "pk": 64, "fields": {"action_time": "2024-05-31T15:20:03.630Z", "user": 1, "content_type": 9, "object_id": "10", "object_repr": "Like object (10)", "action_flag": 1, "change_message": "[{\"added\": {}}]"}}, {"model": "admin.logentry", "pk": 65, "fields": {"action_time": "2024-05-31T15:20:30.826Z", "user": 1, "content_type": 8, "object_id": "19", "object_repr": "Comment to News Вышел nginx 1.27.0, Author deniska-19., Author SpanchBob.", "action_flag": 1, "change_message": "[{\"added\": {}}]"}}, {"model": "admin.logentry", "pk": 66, "fields": {"action_time": "2024-05-31T15:21:54.894Z", "user": 1, "content_type": 8, "object_id": "20", "object_repr": "Comment to News Вышел nginx 1.27.0, Author deniska-19., Author ElenaPuchkova.", "action_flag": 1, "change_message": "[{\"added\": {}}]"}}, {"model": "admin.logentry", "pk": 67, "fields": {"action_time": "2024-05-31T15:22:12.939Z", "user": 1, "content_type": 8, "object_id": "21", "object_repr": "Comment to News Яндекс объявил победителей Программы грантов Yandex Open Source, Author vexed., Author deniska-19.", "action_flag": 1, "change_message": "[{\"added\": {}}]"}}, {"model": "admin.logentry", "pk": 68, "fields": {"action_time": "2024-05-31T15:22:21.601Z", "user": 1, "content_type": 9, "object_id": "11", "object_repr": "Like object (11)", "action_flag": 1, "change_message": "[{\"added\": {}}]"}}, {"model": "admin.logentry", "pk": 69, "fields": {"action_time": "2024-05-31T15:22:29.693Z", "user": 1, "content_type": 9, "object_id": "12", "object_repr": "Like object (12)", "action_flag": 1, "change_message": "[{\"added\": {}}]"}}, {"model": "admin.logentry", "pk": 70, "fields": {"action_time": "2024-05-31T15:22:35.582Z", "user": 1, "content_type": 9, "object_id": "13", "object_repr": "Like object (13)", "action_flag": 1, "change_message": "[{\"added\": {}}]"}}, {"model": "admin.logentry", "pk": 71, "fields": {"action_time": "2024-05-31T15:22:45.186Z", "user": 1, "content_type": 9, "object_id": "14", "object_repr": "Like object (14)", "action_flag": 1, "change_message": "[{\"added\": {}}]"}}, {"model": "admin.logentry", "pk": 72, "fields": {"action_time": "2024-05-31T15:22:52.243Z", "user": 1, "content_type": 9, "object_id": "15", "object_repr": "Like object (15)", "action_flag": 1, "change_message": "[{\"added\": {}}]"}}, {"model": "admin.logentry", "pk": 73, "fields": {"action_time": "2024-05-31T15:22:57.356Z", "user": 1, "content_type": 9, "object_id": "16", "object_repr": "Like object (16)", "action_flag": 1, "change_message": "[{\"added\": {}}]"}}, {"model": "admin.logentry", "pk": 74, "fields": {"action_time": "2024-05-31T15:23:02.995Z", "user": 1, "content_type": 9, "object_id": "17", "object_repr": "Like object (17)", "action_flag": 1, "change_message": "[{\"added\": {}}]"}}, {"model": "admin.logentry", "pk": 75, "fields": {"action_time": "2024-05-31T15:23:09.662Z", "user": 1, "content_type": 9, "object_id": "18", "object_repr": "Like object (18)", "action_flag": 1, "change_message": "[{\"added\": {}}]"}}, {"model": "admin.logentry", "pk": 76, "fields": {"action_time": "2024-05-31T15:23:16.863Z", "user": 1, "content_type": 9, "object_id": "19", "object_repr": "Like object (19)", "action_flag": 1, "change_message": "[{\"added\": {}}]"}}, {"model": "admin.logentry", "pk": 77, "fields": {"action_time": "2024-05-31T15:23:24.340Z", "user": 1, "content_type": 9, "object_id": "20", "object_repr": "Like object (20)", "action_flag": 1, "change_message": "[{\"added\": {}}]"}}, {"model": "admin.logentry", "pk": 78, "fields": {"action_time": "2024-05-31T15:23:34.201Z", "user": 1, "content_type": 9, "object_id": "21", "object_repr": "Like object (21)", "action_flag": 1, "change_message": "[{\"added\": {}}]"}}, {"model": "admin.logentry", "pk": 79, "fields": {"action_time": "2024-05-31T15:27:38.406Z", "user": 1, "content_type": 7, "object_id": "3", "object_repr": "News Ренессанс ленточных накопителей: что происходит и почему?, Author SpanchBob.", "action_flag": 2, "change_message": "[{\"changed\": {\"fields\": [\"News title\", \"News text\"]}}]"}}, {"model": "admin.logentry", "pk": 80, "fields": {"action_time": "2024-05-31T15:32:36.435Z", "user": 1, "content_type": 7, "object_id": "5", "object_repr": "News Блокировка Docker Hub для России. Без паники разбираемся как работать дальше, Author admin1.", "action_flag": 2, "change_message": "[{\"changed\": {\"fields\": [\"News title\", \"News author\", \"News text\"]}}]"}}, {"model": "admin.logentry", "pk": 81, "fields": {"action_time": "2024-05-31T15:33:07.432Z", "user": 1, "content_type": 7, "object_id": "8", "object_repr": "News Termit 2.1 под микроскопом. Обзор новой версии отечественной системы терминального доступа, Author vexed.", "action_flag": 2, "change_message": "[{\"changed\": {\"fields\": [\"News title\", \"News text\"]}}]"}}, {"model": "admin.logentry", "pk": 82, "fields": {"action_time": "2024-05-31T15:33:25.607Z", "user": 1, "content_type": 7, "object_id": "7", "object_repr": "News Разработка системы отчётности и BI: вопросы производительности, Author Elf.", "action_flag": 2, "change_message": "[{\"changed\": {\"fields\": [\"News title\", \"News text\"]}}]"}}, {"model": "admin.logentry", "pk": 83, "fields": {"action_time": "2024-05-31T15:33:52.402Z", "user": 1, "content_type": 7, "object_id": "6", "object_repr": "News Cloudfare положил наш сайт после того, как мы отказались выплатить 120 000 в течение 24 часов, Author AnnieBronson.", "action_flag": 2, "change_message": "[{\"changed\": {\"fields\": [\"News title\", \"News text\"]}}]"}}, {"model": "admin.logentry", "pk": 84, "fields": {"action_time": "2024-05-31T15:34:08.774Z", "user": 1, "content_type": 7, "object_id": "4", "object_repr": "News Как заставить Docker работать в России и Беларуси (самое простое и быстрое решение), Author IgnatChucker.", "action_flag": 2, "change_message": "[{\"changed\": {\"fields\": [\"News title\", \"News text\"]}}]"}}, {"model": "admin.logentry", "pk": 85, "fields": {"action_time": "2024-05-31T15:36:57.469Z", "user": 1, "content_type": 7, "object_id": "12", "object_repr": "News Как заставить говорить по-русски World Of Warcraft с помощью AI, Author vexed.", "action_flag": 2, "change_message": "[{\"changed\": {\"fields\": [\"News title\", \"News text\"]}}]"}}, {"model": "admin.logentry", "pk": 86, "fields": {"action_time": "2024-05-31T15:37:47.153Z", "user": 1, "content_type": 7, "object_id": "13", "object_repr": "News Проблемный помощник кодера: половина ответов ChatGPT содержит ошибки, Author Sandy.", "action_flag": 2, "change_message": "[{\"changed\": {\"fields\": [\"News title\", \"News text\"]}}]"}}, {"model": "admin.logentry", "pk": 87, "fields": {"action_time": "2024-05-31T15:38:07.253Z", "user": 1, "content_type": 7, "object_id": "14", "object_repr": "News Не все просто с open source: история развития, облачные инструменты и новые риски, Author AnnieBronson.", "action_flag": 2, "change_message": "[{\"changed\": {\"fields\": [\"News title\", \"News text\"]}}]"}}, {"model": "admin.logentry", "pk": 88, "fields": {"action_time": "2024-05-31T15:38:49.547Z", "user": 1, "content_type": 8, "object_id": "22", "object_repr": "Comment to News Блокировка Docker Hub для России. Без паники разбираемся как работать дальше, Author admin1., Author Black_cat.", "action_flag": 1, "change_message": "[{\"added\": {}}]"}}, {"model": "admin.logentry", "pk": 89, "fields": {"action_time": "2024-05-31T15:39:15.525Z", "user": 1, "content_type": 8, "object_id": "23", "object_repr": "Comment to News Блокировка Docker Hub для России. Без паники разбираемся как работать дальше, Author admin1., Author Elf.", "action_flag": 1, "change_message": "[{\"added\": {}}]"}}, {"model": "admin.logentry", "pk": 90, "fields": {"action_time": "2024-05-31T15:39:40.970Z", "user": 1, "content_type": 8, "object_id": "24", "object_repr": "Comment to News Как заставить Docker работать в России и Беларуси (самое простое и быстрое решение), Author IgnatChucker., Author SpanchBob.", "action_flag": 1, "change_message": "[{\"added\": {}}]"}}, {"model": "admin.logentry", "pk": 91, "fields": {"action_time": "2024-05-31T15:39:51.321Z", "user": 1, "content_type": 9, "object_id": "22", "object_repr": "Like object (22)", "action_flag": 1, "change_message": "[{\"added\": {}}]"}}, {"model": "admin.logentry", "pk": 92, "fields": {"action_time": "2024-05-31T15:40:00.467Z", "user": 1, "content_type": 9, "object_id": "23", "object_repr": "Like object (23)", "action_flag": 1, "change_message": "[{\"added\": {}}]"}}, {"model": "admin.logentry", "pk": 93, "fields": {"action_time": "2024-05-31T15:40:07.797Z", "user": 1, "content_type": 9, "object_id": "24", "object_repr": "Like object (24)", "action_flag": 1, "change_message": "[{\"added\": {}}]"}}, {"model": "admin.logentry", "pk": 94, "fields": {"action_time": "2024-05-31T15:40:16.483Z", "user": 1, "content_type": 9, "object_id": "25", "object_repr": "Like object (25)", "action_flag": 1, "change_message": "[{\"added\": {}}]"}}, {"model": "admin.logentry", "pk": 95, "fields": {"action_time": "2024-05-31T15:41:13.098Z", "user": 1, "content_type": 9, "object_id": "26", "object_repr": "Like object (26)", "action_flag": 1, "change_message": "[{\"added\": {}}]"}}, {"model": "admin.logentry", "pk": 96, "fields": {"action_time": "2024-05-31T15:41:19.893Z", "user": 1, "content_type": 9, "object_id": "27", "object_repr": "Like object (27)", "action_flag": 1, "change_message": "[{\"added\": {}}]"}}, {"model": "admin.logentry", "pk": 97, "fields": {"action_time": "2024-05-31T15:41:26.390Z", "user": 1, "content_type": 9, "object_id": "28", "object_repr": "Like object (28)", "action_flag": 1, "change_message": "[{\"added\": {}}]"}}, {"model": "admin.logentry", "pk": 98, "fields": {"action_time": "2024-05-31T15:41:40.744Z", "user": 1, "content_type": 9, "object_id": "29", "object_repr": "Like object (29)", "action_flag": 1, "change_message": "[{\"added\": {}}]"}}, {"model": "admin.logentry", "pk": 99, "fields": {"action_time": "2024-05-31T15:41:47.767Z", "user": 1, "content_type": 9, "object_id": "30", "object_repr": "Like object (30)", "action_flag": 1, "change_message": "[{\"added\": {}}]"}}, {"model": "admin.logentry", "pk": 100, "fields": {"action_time": "2024-05-31T15:42:49.632Z", "user": 1, "content_type": 7, "object_id": "28", "object_repr": "News Не вырубишь топором - ВКонтакте хранит удаленные публикации, Author deniska-19.", "action_flag": 1, "change_message": "[{\"added\": {}}]"}}, {"model": "admin.logentry", "pk": 101, "fields": {"action_time": "2024-05-31T15:43:15.722Z", "user": 1, "content_type": 6, "object_id": "15", "object_repr": "zero1", "action_flag": 1, "change_message": "[{\"added\": {}}]"}}, {"model": "admin.logentry", "pk": 102, "fields": {"action_time": "2024-05-31T15:43:25.826Z", "user": 1, "content_type": 7, "object_id": "29", "object_repr": "News Сложно ли генерировать 1024-битные простые числа?, Author zero1.", "action_flag": 1, "change_message": "[{\"added\": {}}]"}}, {"model": "admin.logentry", "pk": 103, "fields": {"action_time": "2024-05-31T15:43:57.181Z", "user": 1, "content_type": 8, "object_id": "25", "object_repr": "Comment to News Сложно ли генерировать 1024-битные простые числа?, Author zero1., Author SpanchBob.", "action_flag": 1, "change_message": "[{\"added\": {}}]"}}, {"model": "admin.logentry", "pk": 104, "fields": {"action_time": "2024-05-31T15:44:31.569Z", "user": 1, "content_type": 6, "object_id": "16", "object_repr": "Katrin", "action_flag": 1, "change_message": "[{\"added\": {}}]"}}, {"model": "admin.logentry", "pk": 105, "fields": {"action_time": "2024-05-31T15:44:33.323Z", "user": 1, "content_type": 7, "object_id": "30", "object_repr": "News Вертикальные солнечные часы, Author Katrin.", "action_flag": 1, "change_message": "[{\"added\": {}}]"}}, {"model": "admin.logentry", "pk": 106, "fields": {"action_time": "2024-05-31T15:45:19.067Z", "user": 1, "content_type": 8, "object_id": "26", "object_repr": "Comment to News Вертикальные солнечные часы, Author Katrin., Author Travis_Park.", "action_flag": 1, "change_message": "[{\"added\": {}}]"}}, {"model": "admin.logentry", "pk": 107, "fields": {"action_time": "2024-05-31T15:45:44.144Z", "user": 1, "content_type": 8, "object_id": "27", "object_repr": "Comment to News Не вырубишь топором - ВКонтакте хранит удаленные публикации, Author deniska-19., Author Katrin.", "action_flag": 1, "change_message": "[{\"added\": {}}]"}}, {"model": "admin.logentry", "pk": 108, "fields": {"action_time": "2024-05-31T15:46:11.201Z", "user": 1, "content_type": 8, "object_id": "28", "object_repr": "Comment to News Termit 2.1 под микроскопом. Обзор новой версии отечественной системы терминального доступа, Author vexed., Author ElenaPuchkova.", "action_flag": 1, "change_message": "[{\"added\": {}}]"}}, {"model": "admin.logentry", "pk": 109, "fields": {"action_time": "2024-05-31T15:46:56.783Z", "user": 1, "content_type": 8, "object_id": "14", "object_repr": "Comment to News В Институте медикобиологических проблем РАН испытали нового антропоморфного робота на подвижной платформе, Author SpanchBob., Author LizzieSimpson.", "action_flag": 2, "change_message": "[{\"changed\": {\"fields\": [\"Comment author\"]}}]"}}, {"model": "admin.logentry", "pk": 110, "fields": {"action_time": "2024-05-31T15:47:05.261Z", "user": 1, "content_type": 8, "object_id": "13", "object_repr": "Comment to News В Институте медикобиологических проблем РАН испытали нового антропоморфного робота на подвижной платформе, Author SpanchBob., Author admin.", "action_flag": 2, "change_message": "[{\"changed\": {\"fields\": [\"Comment author\"]}}]"}}, {"model": "admin.logentry", "pk": 111, "fields": {"action_time": "2024-05-31T15:47:16.425Z", "user": 1, "content_type": 8, "object_id": "13", "object_repr": "Comment to News В Институте медикобиологических проблем РАН испытали нового антропоморфного робота на подвижной платформе, Author SpanchBob., Author admin.", "action_flag": 2, "change_message": "[{\"changed\": {\"fields\": [\"Comment text\"]}}]"}}, {"model": "auth.permission", "pk": 1, "fields": {"name": "Can add log entry", "content_type": 1, "codename": "add_logentry"}}, {"model": "auth.permission", "pk": 2, "fields": {"name": "Can change log entry", "content_type": 1, "codename": "change_logentry"}}, {"model": "auth.permission", "pk": 3, "fields": {"name": "Can delete log entry", "content_type": 1, "codename": "delete_logentry"}}, {"model": "auth.permission", "pk": 4, "fields": {"name": "Can view log entry", "content_type": 1, "codename": "view_logentry"}}, {"model": "auth.permission", "pk": 5, "fields": {"name": "Can add permission", "content_type": 2, "codename": "add_permission"}}, {"model": "auth.permission", "pk": 6, "fields": {"name": "Can change permission", "content_type": 2, "codename": "change_permission"}}, {"model": "auth.permission", "pk": 7, "fields": {"name": "Can delete permission", "content_type": 2, "codename": "delete_permission"}}, {"model": "auth.permission", "pk": 8, "fields": {"name": "Can view permission", "content_type": 2, "codename": "view_permission"}}, {"model": "auth.permission", "pk": 9, "fields": {"name": "Can add group", "content_type": 3, "codename": "add_group"}}, {"model": "auth.permission", "pk": 10, "fields": {"name": "Can change group", "content_type": 3, "codename": "change_group"}}, {"model": "auth.permission", "pk": 11, "fields": {"name": "Can delete group", "content_type": 3, "codename": "delete_group"}}, {"model": "auth.permission", "pk": 12, "fields": {"name": "Can view group", "content_type": 3, "codename": "view_group"}}, {"model": "auth.permission", "pk": 13, "fields": {"name": "Can add content type", "content_type": 4, "codename": "add_contenttype"}}, {"model": "auth.permission", "pk": 14, "fields": {"name": "Can change content type", "content_type": 4, "codename": "change_contenttype"}}, {"model": "auth.permission", "pk": 15, "fields": {"name": "Can delete content type", "content_type": 4, "codename": "delete_contenttype"}}, {"model": "auth.permission", "pk": 16, "fields": {"name": "Can view content type", "content_type": 4, "codename": "view_contenttype"}}, {"model": "auth.permission", "pk": 17, "fields": {"name": "Can add session", "content_type": 5, "codename": "add_session"}}, {"model": "auth.permission", "pk": 18, "fields": {"name": "Can change session", "content_type": 5, "codename": "change_session"}}, {"model": "auth.permission", "pk": 19, "fields": {"name": "Can delete session", "content_type": 5, "codename": "delete_session"}}, {"model": "auth.permission", "pk": 20, "fields": {"name": "Can view session", "content_type": 5, "codename": "view_session"}}, {"model": "auth.permission", "pk": 21, "fields": {"name": "Can add user", "content_type": 6, "codename": "add_user"}}, {"model": "auth.permission", "pk": 22, "fields": {"name": "Can change user", "content_type": 6, "codename": "change_user"}}, {"model": "auth.permission", "pk": 23, "fields": {"name": "Can delete user", "content_type": 6, "codename": "delete_user"}}, {"model": "auth.permission", "pk": 24, "fields": {"name": "Can view user", "content_type": 6, "codename": "view_user"}}, {"model": "auth.permission", "pk": 25, "fields": {"name": "Can add news", "content_type": 7, "codename": "add_news"}}, {"model": "auth.permission", "pk": 26, "fields": {"name": "Can change news", "content_type": 7, "codename": "change_news"}}, {"model": "auth.permission", "pk": 27, "fields": {"name": "Can delete news", "content_type": 7, "codename": "delete_news"}}, {"model": "auth.permission", "pk": 28, "fields": {"name": "Can view news", "content_type": 7, "codename": "view_news"}}, {"model": "auth.permission", "pk": 29, "fields": {"name": "Can add comment", "content_type": 8, "codename": "add_comment"}}, {"model": "auth.permission", "pk": 30, "fields": {"name": "Can change comment", "content_type": 8, "codename": "change_comment"}}, {"model": "auth.permission", "pk": 31, "fields": {"name": "Can delete comment", "content_type": 8, "codename": "delete_comment"}}, {"model": "auth.permission", "pk": 32, "fields": {"name": "Can view comment", "content_type": 8, "codename": "view_comment"}}, {"model": "auth.permission", "pk": 33, "fields": {"name": "Can add like", "content_type": 9, "codename": "add_like"}}, {"model": "auth.permission", "pk": 34, "fields": {"name": "Can change like", "content_type": 9, "codename": "change_like"}}, {"model": "auth.permission", "pk": 35, "fields": {"name": "Can delete like", "content_type": 9, "codename": "delete_like"}}, {"model": "auth.permission", "pk": 36, "fields": {"name": "Can view like", "content_type": 9, "codename": "view_like"}}, {"model": "contenttypes.contenttype", "pk": 1, "fields": {"app_label": "admin", "model": "logentry"}}, {"model": "contenttypes.contenttype", "pk": 2, "fields": {"app_label": "auth", "model": "permission"}}, {"model": "contenttypes.contenttype", "pk": 3, "fields": {"app_label": "auth", "model": "group"}}, {"model": "contenttypes.contenttype", "pk": 4, "fields": {"app_label": "contenttypes", "model": "contenttype"}}, {"model": "contenttypes.contenttype", "pk": 5, "fields": {"app_label": "sessions", "model": "session"}}, {"model": "contenttypes.contenttype", "pk": 6, "fields": {"app_label": "users", "model": "user"}}, {"model": "contenttypes.contenttype", "pk": 7, "fields": {"app_label": "news", "model": "news"}}, {"model": "contenttypes.contenttype", "pk": 8, "fields": {"app_label": "comments", "model": "comment"}}, {"model": "contenttypes.contenttype", "pk": 9, "fields": {"app_label": "likes", "model": "like"}}, {"model": "sessions.session", "pk": "kay494sxfa5iqd4x8p3j1ns3ci2c7dfi", "fields": {"session_data": ".eJxVjMsOwiAUBf-FtSGlyKW4dN9vIPcBUjU0Ke3K-O_apAvdnpk5LxVxW0vcWlriJOqijDr9boT8SHUHcsd6mzXPdV0m0ruiD9r0OEt6Xg_376BgK986IWYSRwaTI-etB3I5pLN3gkGoA-55AGTvgUGADVJvmQeDXchgQb0_Hdo48Q:1sCfhK:oQF-WRRTC8fjWqXl-vuvXOdvbbuZWQieHCBHeQaDLc4", "expire_date": "2024-06-13T13:20:02.853Z"}}, {"model": "users.user", "pk": 1, "fields": {"last_login": "2024-05-30T13:20:02.847Z", "first_name": "", "last_name": "", "email": "", "is_staff": true, "is_active": true, "date_joined": "2024-05-30T06:44:37.348Z", "username": "admin", "password": "pbkdf2_sha256$720000$ueV1yRh7kj8W1pJJF0esa8$GU4GXLO5cPFDDhWreERu4VqhV91ec/9TWHlCzu4Hg+w=", "is_superuser": true, "groups": [], "user_permissions": []}}, {"model": "users.user", "pk": 2, "fields": {"last_login": null, "first_name": "", "last_name": "", "email": "", "is_staff": false, "is_active": true, "date_joined": "2024-05-30T13:56:12.695Z", "username": "LizzieSimpson", "password": "pbkdf2_sha256$720000$EUOLPG7HkpQc4SV9QSwL2M$tSDkKRpTwW19s5OU8skhNtNywZyffNFaqNZ8Q/Iuhtw=", "is_superuser": false, "groups": [], "user_permissions": []}}, {"model": "users.user", "pk": 3, "fields": {"last_login": null, "first_name": "", "last_name": "", "email": "", "is_staff": false, "is_active": true, "date_joined": "2024-05-31T06:54:44.021Z", "username": "AnnieBronson", "password": "pbkdf2_sha256$720000$AHhmUFZXsT0RtJj9JhwZOU$Rkqoxq7hh4z8kcK1opL4d4l0mY2ueHvaP+//Vmnimnk=", "is_superuser": false, "groups": [], "user_permissions": []}}, {"model": "users.user", "pk": 4, "fields": {"last_login": null, "first_name": "", "last_name": "", "email": "", "is_staff": false, "is_active": true, "date_joined": "2024-05-31T13:47:51.096Z", "username": "IgnatChucker", "password": "pbkdf2_sha256$720000$8dMzF9VNfpPi5ngIGom3bP$Z5n0btJ0xs5ph8Fnq/NqigIJEuO5YUgjnFpWplfoVKc=", "is_superuser": false, "groups": [], "user_permissions": []}}, {"model": "users.user", "pk": 5, "fields": {"last_login": null, "first_name": "", "last_name": "", "email": "", "is_staff": false, "is_active": true, "date_joined": "2024-05-31T13:48:37.171Z", "username": "Sandy", "password": "pbkdf2_sha256$720000$XxIlA7RHUozDjyJPMZu5Ky$XCue1JdrKxz7OoVn4u2BFIzxe3J5DHmZxGTxNBJH3+g=", "is_superuser": false, "groups": [], "user_permissions": []}}, {"model": "users.user", "pk": 6, "fields": {"last_login": null, "first_name": "", "last_name": "", "email": "", "is_staff": false, "is_active": true, "date_joined": "2024-05-31T13:48:50.086Z", "username": "Travis_Park", "password": "pbkdf2_sha256$720000$3LvMbCCC549yOszFal36vJ$SQrc6wis9TxU+eytO1agpSjXWF06vshtsh7IXxDtruU=", "is_superuser": false, "groups": [], "user_permissions": []}}, {"model": "users.user", "pk": 7, "fields": {"last_login": null, "first_name": "", "last_name": "", "email": "", "is_staff": false, "is_active": true, "date_joined": "2024-05-31T13:49:07.719Z", "username": "Elf", "password": "pbkdf2_sha256$720000$K3FwQNgte77myN7GeyTcxe$bRRwiHFHhBOW0XBefsDpoAioeXQFzy5x2HBpxdhgB9g=", "is_superuser": false, "groups": [], "user_permissions": []}}, {"model": "users.user", "pk": 8, "fields": {"last_login": null, "first_name": "", "last_name": "", "email": "", "is_staff": false, "is_active": true, "date_joined": "2024-05-31T13:49:20.718Z", "username": "vexed", "password": "pbkdf2_sha256$720000$pKpZJ1x8DUKyJM0bFGIYUb$TVARS7fA1wj7LvKJcJk+W7dkPf22RwiiVmPgzdXTGXA=", "is_superuser": false, "groups": [], "user_permissions": []}}, {"model": "users.user", "pk": 9, "fields": {"last_login": null, "first_name": "", "last_name": "", "email": "", "is_staff": false, "is_active": true, "date_joined": "2024-05-31T13:49:31.520Z", "username": "SpanchBob", "password": "pbkdf2_sha256$720000$csRE2zNn3IQnks761dmmXw$UtF/UVUUZ7w4PDetynG9SvJglRbg7aj0MNP1nlAOAfg=", "is_superuser": false, "groups": [], "user_permissions": []}}, {"model": "users.user", "pk": 10, "fields": {"last_login": null, "first_name": "", "last_name": "", "email": "", "is_staff": false, "is_active": true, "date_joined": "2024-05-31T13:49:42.911Z", "username": "ElenaPuchkova", "password": "pbkdf2_sha256$720000$64AfWGV75EuX3SmzvR1Qem$uJSO+Fd9nYK02JxLgWT322eOCXkez1kuVSJAdZsUsKo=", "is_superuser": false, "groups": [], "user_permissions": []}}, {"model": "users.user", "pk": 11, "fields": {"last_login": null, "first_name": "", "last_name": "", "email": "", "is_staff": true, "is_active": true, "date_joined": "2024-05-31T13:51:02.343Z", "username": "admin1", "password": "pbkdf2_sha256$720000$0DulqXv1FQNRq1dDgrSEcL$3y0ajgNxrrmSmzDA144MZy3ihmtRztajeRgiyoMNoeE=", "is_superuser": true, "groups": [], "user_permissions": []}}, {"model": "users.user", "pk": 12, "fields": {"last_login": null, "first_name": "", "last_name": "", "email": "", "is_staff": false, "is_active": true, "date_joined": "2024-05-31T15:05:58.489Z", "username": "deniska-19", "password": "pbkdf2_sha256$720000$iykI51ieiDA9xhMPlbQlu1$oqO9HD+7flHkbToCFbDPOdFm1UiE/2sDO89wFkoi378=", "is_superuser": false, "groups": [], "user_permissions": []}}, {"model": "users.user", "pk": 13, "fields": {"last_login": null, "first_name": "", "last_name": "", "email": "", "is_staff": false, "is_active": true, "date_joined": "2024-05-31T15:08:15.420Z", "username": "Black_cat", "password": "pbkdf2_sha256$720000$cKalunDH3er5ihpDcTT2kF$vpXoRbsazFIGFYUZwG1Nrm5X1HAIINPd40XrU5rCv4s=", "is_superuser": false, "groups": [], "user_permissions": []}}, {"model": "users.user", "pk": 14, "fields": {"last_login": null, "first_name": "", "last_name": "", "email": "", "is_staff": false, "is_active": true, "date_joined": "2024-05-31T15:09:23.666Z", "username": "sdek", "password": "pbkdf2_sha256$720000$3E3sCSfvs7OfLsutnKLa3K$F201G/dhiDRQEThJT7bqfteKBKA07g7stYJF90KSlmc=", "is_superuser": false, "groups": [], "user_permissions": []}}, {"model": "users.user", "pk": 15, "fields": {"last_login": null, "first_name": "", "last_name": "", "email": "", "is_staff": false, "is_active": true, "date_joined": "2024-05-31T15:43:15.530Z", "username": "zero1", "password": "pbkdf2_sha256$720000$Rgv5WeVx2BTlIPr7waa8hZ$k4DTWLCPHL0A7/98ZNqK+L0KEyezr168hxV/D8UVoFg=", "is_superuser": false, "groups": [], "user_permissions": []}}, {"model": "users.user", "pk": 16, "fields": {"last_login": null, "first_name": "", "last_name": "", "email": "", "is_staff": false, "is_active": true, "date_joined": "2024-05-31T15:44:31.391Z", "username": "Katrin", "password": "pbkdf2_sha256$720000$CzQuCMYJIGsDiTRpIxRKYD$M7yPFBN5r5XdtfwNno8dOelMvHBVQhiMVTHXQAJNakU=", "is_superuser": false, "groups": [], "user_permissions": []}}, {"model": "news.news", "pk": 1, "fields": {"date_created_at": "2024-05-30T06:45:06.789Z", "date_updated_at": "2024-05-30T06:45:06.789Z", "title": "Как избежать когнитивной перегрузки: способы оптимизации кода для разработчиков", "text": "По мнению Артема Закируллина*, одна из фундаментальных проблем, с которой сталкиваются разработчики при анализе кода – высокая когнитивная нагрузка. Это не абстрактное, а реальное ограничение возможностей, которое стоит времени и денег. На чтение и понимание кода, тратится больше времени, чем на его написание. Поэтому, разработчику нужно постоянно задаваться вопросом: не пишет ли он код, чтение которого создает чрезмерную когнитивную нагрузку?\r\nПодробнее о том, с какими проблемами от высокой когнитивной нагрузки сталкиваются разработчики и какие решения помогут упростить понимание кода для последующей работы с ним читайте под катом.", "author": 6}}, {"model": "news.news", "pk": 2, "fields": {"date_created_at": "2024-05-30T13:20:25.355Z", "date_updated_at": "2024-05-30T13:20:25.355Z", "title": "Docker hub перестал работать в России", "text": "403 Forbidden\r\nSince Docker is a US company, we must comply with US export control regulations. In an effort to comply with these, we now block all IP addresses that are located in Cuba, Iran, North Korea, Republic of Crimea, Sudan, and Syria. If you are not in one of these cities, countries, or regions and are blocked, please reach out to https://hub.docker.com/support/contact/\r\nПри этом из Москвы эта надпись все равно появляется. С VPN доступ открывается. При этом из wsl2 образы не скачиваются даже с включенным VPN.", "author": 1}}, {"model": "news.news", "pk": 3, "fields": {"date_created_at": "2024-05-30T06:45:06.789Z", "date_updated_at": "2024-05-30T06:45:06.789Z", "title": "Ренессанс ленточных накопителей: что происходит и почему?", "text": "В 2023 году мировые продажи ленточных накопителей достигли почти 153 эксабайт. Показатель вырос на 3,14% по сравнению с 2022 годом, в том числе из-за роста объема информации и новыми требованиями к инфраструктуре крупных облачных провайдеров.\r\n\r\nЭти носители и системы для работы с ними остаются актуальными, в первую очередь, благодаря своему прямому предназначению — длительному хранению архивной информации. Что происходит на рынке ленточных накопителей и чего ожидать в ближайшем будущем — рассуждаем под катом.", "author": 9}}, {"model": "news.news", "pk": 4, "fields": {"date_created_at": "2024-05-30T06:45:06.789Z", "date_updated_at": "2024-05-30T06:45:06.789Z", "title": "Как заставить Docker работать в России и Беларуси (самое простое и быстрое решение)", "text": "Вчера, 30 мая 2024 года, Docker без предупреждений заблокировал доступ к DockerHub для РФ, что для проектов стоящих в продакшене на Docker стало серьёзным форс-мажором и проблемой, сборка проекта так, как это было раньше, стала невозможной. Статья - простой доступный гайд как эту проблему решить", "author": 4}}, {"model": "news.news", "pk": 5, "fields": {"date_created_at": "2024-05-30T13:45:12.121Z", "date_updated_at": "2024-05-30T13:45:12.121Z", "title": "Блокировка Docker Hub для России. Без паники разбираемся как работать дальше", "text": "Главной новостью этой недели стала блокировка пользователей из России ресурсом Docker Hub. Она осуществляется по Geo IP.\r\nИрония в том, что у самого докера есть инструменты, чтобы обойти эту блокировку. Используем докер, чтобы обойти блокировку докера и дальше использовать докер.\r\nВ статье три проверенных мною способа, как получить доступ к ресурсу.", "author": 11}}, {"model": "news.news", "pk": 6, "fields": {"date_created_at": "2024-05-30T06:45:06.789Z", "date_updated_at": "2024-05-30T06:45:06.789Z", "title": "Cloudfare положил наш сайт после того, как мы отказались выплатить 120 000 в течение 24 часов", "text": "Я работаю системным оператором в довольно крупном онлайн-казино (мне представляется, что материал статьи может быть полезен читателям вне зависимости от их позиции касательно этичности казино в целом – упоминаю об этом просто для контекста). У нас около четырех миллионов активных пользователей в месяц. С Cloudflare мы охотно сотрудничаем с 2018 года по тарифу «Бизнес», который стоит 250 $ в месяц и предоставляет неплохие возможности, включая безлимитный трафик.\r\n\r\nНужно признать, 250 $ — невеликие деньги за те объемы трафика, которые мы прогоняли через Cloudflare. В основном мы используем Cloudflare для CDN (кэшируем весь свой статический контент) и для защиты от DDOS-атак – с этими задачами сервис хорошо справляется. Работать с ним просто, и обычно ни о чем не приходится особенно задумываться.\r\n\r\nЯ читал несколько статей на Hacker News, где рассказывалось, как в какой-то момент Cloudflare связывается с компаниями и начинает агрессивно навязывать корпоративный тариф на персональных условиях. Но я не ожидал, что всё будет настолько плохо.", "author": 3}}, {"model": "news.news", "pk": 7, "fields": {"date_created_at": "2024-05-30T06:45:06.789Z", "date_updated_at": "2024-05-30T06:45:06.789Z", "title": "Разработка системы отчётности и BI: вопросы производительности", "text": "Мы в компании «Магнит» много лет строим и эксплуатируем корпоративное хранилище данных и занимаемся различными задачами, связанными с этим. В частности, разрабатываем инструмент для конечного пользователя — систему отчётности и BI.\r\nВ статье рассмотрим вопросы оптимизации производительности системы.", "author": 7}}, {"model": "news.news", "pk": 8, "fields": {"date_created_at": "2024-05-30T06:45:06.789Z", "date_updated_at": "2024-05-30T06:45:06.789Z", "title": "Termit 2.1 под микроскопом. Обзор новой версии отечественной системы терминального доступа", "text": "Полгода назад я писал о выходе версии 2.0 решения терминального доступа Termit. В апреле этого года вышел очередной релиз этого продукта, в котором появился новый функционал, и в этой статье я бы хотел рассказать про некоторые из этих возможностей.\r\nДля тех, кто не может или не хочет читать старое, короткое «ранее в сериале»: Termit – это решение для организации терминального доступа к приложениям и рабочим столам на базе ОС Linux, которое развивается с 2018 года и внесено в реестр отечественного ПО. Разработчиком выступила отечественная компания Orion soft, известная на рынке своей платформой виртуализации zVirt. Сам разработчик позиционирует решение как отечественную замену аналогичного решения от Citrix, но это скорее заявлено как цель, к которой коллеги идут, так как невозможно создать за год-полтора что-то аналогичное решению, развивавшемуся десятилетиями.", "author": 8}}, {"model": "news.news", "pk": 9, "fields": {"date_created_at": "2024-05-30T13:45:12.121Z", "date_updated_at": "2024-05-30T13:45:12.121Z", "title": "Google представила опцию оповещения с дверных видеозвонков Nest на планшеты Pixel", "text": "Google объявила о запуске опции оповещения с дверных видеозвонков Nest на планшеты Pixel. Пользователи смогут увидеть позвонившего и ответить через мобильное устройство.", "author": 6}}, {"model": "news.news", "pk": 10, "fields": {"date_created_at": "2024-05-31T07:01:10.021Z", "date_updated_at": "2024-05-31T07:01:10.021Z", "title": "«Ъ»: российские компании продолжают закупать для ИИ-проектов санкционное оборудование", "text": "Несмотря на проблемы, вызванные санкциями и уходом ведущих зарубежных производителей рынка, российским компаниям, развивающим искусственный интеллект (ИИ), пока удаётся закупать необходимое оборудование. В первую очередь это видеокарты Nvidia, пригодные для объединения в высокопроизводительные кластеры, пишет «Ъ", "author": 2}}, {"model": "news.news", "pk": 11, "fields": {"date_created_at": "2024-05-30T06:45:06.789Z", "date_updated_at": "2024-05-30T06:45:06.789Z", "title": "Docker и точка. Отжимаем образа у Chainguard", "text": "Вобщем не понимаю я переживаний на счет Докера, ну ушел и ушел, это блин вообще некритикал, все уже привыкли)\nНо задумался вот над чем. Вобщем есть такая компания Chainguard, которая готовит такие образа в которых всегда 0 уязвимостей (ну кроме неизвестных). Вообще, круто то, что это прям максимальный Shift left без каких-либо вспомогательных инструментов. Так вот подписка там платная и только с ней можно качать образа определенной версии. В бесплатной подписке можно пулить только образа с версией latest. Разумеется, если вы серьезный энтерпрайз, а не хипстерский стартап, то такое использовать фе. Но, что если написать такую штуку, которая определяет версию образа. Причем это вполне реально. ", "author": 9}}, {"model": "news.news", "pk": 12, "fields": {"date_created_at": "2024-05-30T06:45:06.789Z", "date_updated_at": "2024-05-30T06:45:06.789Z", "title": "Как заставить говорить по-русски World Of Warcraft с помощью AI", "text": "Здравствуйте-здравствуйте, играю я значит в классический World of Warcraft и понимаю, что игра тосклива из-за отсутствия более-менее озвученных квестов. Конечно, инди-студия Метелица не способна озвучить всю свою игру, да и понятно, что сюжет развивается, а люди имеют свойство менять работу или, да это печально, физической гибели, как например случилось с озвучкой Артаса Менетила в Warcraft III: Frozen Throne.\r\nВ общем, заваривайте чай, как и все мои предыдущие публикации, эта статья в формате (б|в)лога.", "author": 8}}, {"model": "news.news", "pk": 13, "fields": {"date_created_at": "2024-05-30T06:45:06.789Z", "date_updated_at": "2024-05-30T06:45:06.789Z", "title": "Проблемный помощник кодера: половина ответов ChatGPT содержит ошибки", "text": "Насколько можно доверять ответам ChatGPT? Причём не тем из них, которые даются на простые вопросы, а тем, что имеют отношение к разработке? Исследование Pew Research Center показало, что каждый десятый пользователь применяет ИИ-чат-бот для выполнения ежедневных рабочих задач. Что касается IT-отрасли, то в 2024 году около 2 млн программистов используют ChatGPT для работы на постоянной основе. Впрочем, результаты от Pew Research Center способны серьёзно подорвать доверие разработчиков к цифровому помощнику, ставшему для многих привычным.", "author": 5}}, {"model": "news.news", "pk": 14, "fields": {"date_created_at": "2024-05-30T06:45:06.789Z", "date_updated_at": "2024-05-30T06:45:06.789Z", "title": "Не все просто с open source: история развития, облачные инструменты и новые риски", "text": "Согласно результатам опроса, проведенного компанией «АксТим», в 2026 году 92% российских компаний будут использовать решения на базе open source. Интересно, что в 2021 году оpen source уже использовали все компании-разработчики и 79% компаний-потребителей.\r\n\r\nУпоминание open source можно было встретить еще в документации и пресс-релизах организаций в 80-х. Сейчас опыт работы с open source интересен всем — от стартапов до облачных провайдеров, которые используют целый каскад знаковых инструментов.\r\n\r\nНо с опенсорсом не все так просто. Разработчики, продакты и руководители далеко не всегда понимают, что будет, если «база», на которой построен их проект, перейдет в разряд проприетарного ПО или вообще прекратит существование.", "author": 3}}, {"model": "news.news", "pk": 15, "fields": {"date_created_at": "2024-05-31T07:18:44.903Z", "date_updated_at": "2024-05-31T07:18:44.903Z", "title": "В Институте медикобиологических проблем РАН испытали нового антропоморфного робота на подвижной платформе", "text": "В Институте медико‑биологических проблем РАН в рамках годового изоляционного эксперимента SIRIUS-23 испытали нового антропоморфного робота на подвижной платформе во время имитации работы на поверхности Луны.", "author": 9}}, {"model": "news.news", "pk": 16, "fields": {"date_created_at": "2024-05-31T08:53:30.318Z", "date_updated_at": "2024-05-31T08:53:30.318Z", "title": "Искусственный интеллект требует все новых вычислительных ресурсов. Нас ждет бум строительства дата-центров для ИИ?", "text": "Российские компании, развивающие искусственный интеллект (ИИ), продолжают закупать необходимое для этого оборудование. Но перспективы участники рынка видят в системном развитии инфраструктуры, в том числе с использованием климатических особенностей страны. Например, строительство ИИ‑дата‑центров на севере России. Подробности о ситуации на рынке и сценарии развития событий — под катом.", "author": 5}}, {"model": "news.news", "pk": 17, "fields": {"date_created_at": "2024-05-31T13:47:13.569Z", "date_updated_at": "2024-05-31T13:47:13.569Z", "title": "хакеры переключились с краж персональных данных на коммерческую тайну", "text": "Количество утечек данных, содержащих коммерческую тайну, ноу‑хау и документы служебного пользования, из систем производственных организаций и телекомкомпаний в 2023 году заметно возросло. При этом, наоборот, снизилось количество утечек персональных данных (ПД) во всех отраслях. К такому выводу пришли аналитики ГК InfoWatch, пишут «Ведомости». Рост интереса злоумышленников к предприятиям тяжёлой промышленности подтверждают и эксперты киберразведки Solar AURA.", "author": 2}}, {"model": "news.news", "pk": 18, "fields": {"date_created_at": "2024-05-31T13:52:22.922Z", "date_updated_at": "2024-05-31T13:52:22.922Z", "title": "К2Тех и SILA Union подписали соглашение о партнерстве на ЦИПР-2024", "text": "Москва, 30 мая 2024 г. Компании К2Тех, эксперт ИТ-рынка по системной интеграции, и SILA Union, разработчик инновационного решения по моделированию бизнес-архитектуры, стали технологическими партнерами. Соглашение о партнерстве было заключено на конференции ЦИПР-2024.\r\nС помощью программного обеспечения SILA Union создается цифровой двойник компании-заказчика, отражающий ее деятельность в различных взаимосвязанных плоскостях: бизнес-процессы, организационная структура, ИТ-архитектура, стратегия, KPI, риски, регламенты. Цифровой двойник на базе ПО SILA Union обеспечивает поддержку полного цикла совершенствования организации на всех этапах — проектирование, мониторинг, автоматизация в единой информационной среде, помогая повышать эффективность бизнеса, снижать затраты и принимать обоснованные стратегические решения. Решение включено в реестр российского ПО и соответствует требованиям по защите конфиденциальной информации.", "author": 10}}, {"model": "news.news", "pk": 19, "fields": {"date_created_at": "2024-05-31T13:53:29.031Z", "date_updated_at": "2024-05-31T13:53:29.031Z", "title": "СДЭК восстановил возможность отслеживать посылки на сайте", "text": "Логистический оператор СДЭК восстановил возможность отслеживания посылок на сайте, об этом сообщила пресс-служба компании.", "author": 2}}, {"model": "news.news", "pk": 20, "fields": {"date_created_at": "2024-05-31T13:54:06.778Z", "date_updated_at": "2024-05-31T13:54:06.778Z", "title": "Яндекс объявил победителей Программы грантов Yandex Open Source", "text": "В конце ноября мы запустили ежегодную Программу грантов Yandex Open Source, в которой любой разработчик, который не работает в Яндексе и развивает свой опенсорс-проект, может претендовать на грант на использование Yandex Cloud в размере 600 тысяч рублей.\r\nС ноября по март мы изучили почти сотню проектов в трех категориях: разработка, обработка и хранение данных и машинное обучение. Среди проектов мы выбрали 14 победителей, которые показались нам самыми интересными, полезными и перспективными.", "author": 8}}, {"model": "news.news", "pk": 21, "fields": {"date_created_at": "2024-05-31T13:55:27.911Z", "date_updated_at": "2024-05-31T13:55:27.911Z", "title": "Valve работает над функцией записи клипов в Steam", "text": "Valve работает над функцией записи клипов в Steam. Функция поддерживает фоновую запись и маркеры временной шкалы для различных событий, сообщил создатель SteamDB Павел Джундик. Пользователи смогут делиться клипами через сообщество Steam так же, как скриншотами.", "author": 3}}, {"model": "news.news", "pk": 22, "fields": {"date_created_at": "2024-05-31T14:00:16.997Z", "date_updated_at": "2024-05-31T14:00:16.998Z", "title": "«Тинькофф» разработал собственное ПО для банкоматов на Linux", "text": "«Тинькофф» приступил к импортозамещению софта для собственной сети банкоматов. Первые устройства c новым программным обеспечением на операционной системе Linux уже ввели в эксплуатацию и установили в Москве.", "author": 10}}, {"model": "news.news", "pk": 23, "fields": {"date_created_at": "2024-05-31T15:02:17.226Z", "date_updated_at": "2024-05-31T15:02:17.226Z", "title": "Учёные из AIRI, SberAI и «Сколтеха» нашли способ оптимизировать большие ИИ-модели на 10% без потери качества", "text": "Учёные из Института искусственного интеллекта AIRI совместно с коллегами из SberAI и «Сколтеха» нашли новое свойство больших языковых моделей и научились контролировать его. Новое открытие позволит оптимизировать модели на 10–15% без потери в качестве. Также найденное свойство снижает количество вычислительных мощностей, необходимое для их использования. Статья с исследованиями была принята на конференции в сфере ИИ — ACL 2024 (Main Track, Core A).", "author": 4}}, {"model": "news.news", "pk": 24, "fields": {"date_created_at": "2024-05-31T15:05:32.348Z", "date_updated_at": "2024-05-31T15:05:32.348Z", "title": "Япония сделает все научные исследования открытыми для сообщества", "text": "Японские власти выделят 10 млрд йен (около $63 млн), чтобы сделать все спонсируемые государством исследования доступными для изучения всеми желающими.", "author": 7}}, {"model": "news.news", "pk": 25, "fields": {"date_created_at": "2024-05-31T15:06:17.623Z", "date_updated_at": "2024-05-31T15:06:17.623Z", "title": "Вышел nginx 1.27.0", "text": "29 мая 2024 года опубликован выпуск высокопроизводительного HTTP-сервера и многопротокольного прокси-сервера nginx 1.27.0 c устранением 4 уязвимостей в реализации HTTP/3. Версия nginx 1.26.0 вышла в апреле. Релиз nginx 1.25.0 состоялся в мае 2023 года.", "author": 12}}, {"model": "news.news", "pk": 26, "fields": {"date_created_at": "2024-05-31T15:08:33.593Z", "date_updated_at": "2024-05-31T15:08:33.593Z", "title": "Монолиты и микросервисы: что выбрать разработчику", "text": "Монолиты и микросервисы позволяют не только построить эффективную систему, которая долго просуществует без серьезных изменений, но и создать удобную кодовую базу, а это уменьшает затраты компании на разработку.", "author": 13}}, {"model": "news.news", "pk": 27, "fields": {"date_created_at": "2024-05-31T15:09:38.054Z", "date_updated_at": "2024-05-31T15:09:38.054Z", "title": "Инструкция по грамотному развёртыванию бэкапов на предприятии", "text": "Свежие кейсы в поле информационной безопасности показывают: даже крупные компании могут совершать такие ошибки в выстраивании системы резервного копирования, что их сервисы не работают по несколько дней после аварии. Бэкапы данных — критический элемент в обеспечении непрерывности бизнеса для любого предприятия. Однако традиционно в российских компаниях они выполняются по остаточному принципу. У сисадмина сервиса много повседневных задач, за которые спросят уже сейчас, а постановка на централизованное бэкапирование даже важных сервисов, особенно в зрелых средах, может отсутствовать. Ведь кажется сложным вначале идти по заведённой процедуре, согласовывая действия со всеми сторонами, а затем впихивать это все в имеющееся расписание, переписывая его параметры в политиках и СРК-агентах. Проще сделать бэкап «на коленке» и восстановить его на свое «личное» пространство.", "author": 14}}, {"model": "news.news", "pk": 28, "fields": {"date_created_at": "2024-05-31T15:42:49.629Z", "date_updated_at": "2024-05-31T15:42:49.629Z", "title": "Не вырубишь топором - ВКонтакте хранит удаленные публикации", "text": "Некоторые изменения в законодательстве и инцидент с Алексеем Вишней заставили многих пользователей соц.сетей тщательно почистить свои странички от старых публикаций. Но удаляются ли на самом деле крамольные высказывания с серверов или хранятся вечно и при запросе заинтересованных людей могут быть приобщены к делу?\r\nДавайте проверим...", "author": 12}}, {"model": "news.news", "pk": 29, "fields": {"date_created_at": "2024-05-31T15:43:25.822Z", "date_updated_at": "2024-05-31T15:43:25.822Z", "title": "Сложно ли генерировать 1024-битные простые числа?", "text": "Простые числа удивительны!\r\nС одной стороны, их легко объяснить: это просто числа, которые делятся только на единицу и на себя; с другой стороны, они содержат в себе бесконечную сложность. Они встречаются во множестве разных сфер, от математических концепций и гипотез до любопытных визуализаций и криптографии, лежат в основе многих Интернет-стандартов и протоколов безопасности, которые мы используем ежедневно.\r\nНесмотря на моё восхищение простыми числами, я никогда не исследовал их подробно, поэтому решил бросить себе вызов. А есть ли лучший способ изучить простые числа, чем воспользоваться моей любовью к кодингу для их генерации?", "author": 15}}, {"model": "news.news", "pk": 30, "fields": {"date_created_at": "2024-05-31T15:44:33.319Z", "date_updated_at": "2024-05-31T15:44:33.319Z", "title": "Вертикальные солнечные часы", "text": "Вертикальные солнечные часы представляют собой один из многочисленных вариантов конструкции солнечный часов. Основное преимущество такой конструкции состоит в том, что вертикальные солнечные часы можно повесить на стену подобно привычным всем механическим или электронным часам. Правда это должна быть открытая прямым солнечным лучам южная стена здания.", "author": 16}}, {"model": "comments.comment", "pk": 1, "fields": {"date_created_at": "2024-05-30T13:21:26.578Z", "text": "хм", "author": 1, "news": 2}}, {"model": "comments.comment", "pk": 5, "fields": {"date_created_at": "2024-05-31T07:35:12.683Z", "text": "подлость века", "author": 3, "news": 2}}, {"model": "comments.comment", "pk": 10, "fields": {"date_created_at": "2024-05-31T08:31:31.349Z", "text": "omg", "author": 3, "news": 2}}, {"model": "comments.comment", "pk": 13, "fields": {"date_created_at": "2024-05-31T10:59:24.422Z", "text": "Мой комментарий", "author": 1, "news": 15}}, {"model": "comments.comment", "pk": 14, "fields": {"date_created_at": "2024-05-31T11:07:55.807Z", "text": "Great", "author": 2, "news": 15}}, {"model": "comments.comment", "pk": 15, "fields": {"date_created_at": "2024-05-31T11:08:31.368Z", "text": "Comment to news", "author": 3, "news": 15}}, {"model": "comments.comment", "pk": 17, "fields": {"date_created_at": "2024-05-31T13:23:15.303Z", "text": "Crazy news!!!!", "author": 2, "news": 9}}, {"model": "comments.comment", "pk": 18, "fields": {"date_created_at": "2024-05-31T13:23:28.912Z", "text": "Good news! <>", "author": 3, "news": 10}}, {"model": "comments.comment", "pk": 19, "fields": {"date_created_at": "2024-05-31T15:20:30.818Z", "text": "отличная новость!", "author": 9, "news": 25}}, {"model": "comments.comment", "pk": 20, "fields": {"date_created_at": "2024-05-31T15:21:54.888Z", "text": "Наконец то!", "author": 10, "news": 25}}, {"model": "comments.comment", "pk": 21, "fields": {"date_created_at": "2024-05-31T15:22:12.934Z", "text": "Я победитель!!!!!", "author": 12, "news": 20}}, {"model": "comments.comment", "pk": 22, "fields": {"date_created_at": "2024-05-31T15:38:49.541Z", "text": "Завет дедушки Черчилля живее всех живых.", "author": 13, "news": 5}}, {"model": "comments.comment", "pk": 23, "fields": {"date_created_at": "2024-05-31T15:39:15.521Z", "text": "Буквально вчера для себя узнал о возможности перезагрузки конфигурации без рестарта контейнеров (для настроек зеркала релоада достаточно). Оно вроде бы очевидно, и с nginx-ом таким пользуюсь периодически, а вот про докер не знал\r\nsudo systemctl reload docker", "author": 7, "news": 5}}, {"model": "comments.comment", "pk": 24, "fields": {"date_created_at": "2024-05-31T15:39:40.966Z", "text": "про huecker забыли", "author": 9, "news": 4}}, {"model": "comments.comment", "pk": 25, "fields": {"date_created_at": "2024-05-31T15:43:57.175Z", "text": "Звучит как интересная задача для тренировки в свободное время, надо будет как-нибудь самому попробовать её решить:)\r\nЯ уже пробовал писать тесты на простоту, но максимум писал тест Ферма для u64, биг инт не пробовал окунаться.\r\nИнтересно, например, даст ли метод Карацубы реальный прирост производительности на 1024 битных числах, или нет. На небольших числах он все же плохо себя показывает.", "author": 9, "news": 29}}, {"model": "comments.comment", "pk": 26, "fields": {"date_created_at": "2024-05-31T15:45:19.063Z", "text": "Спасибо за статью. Вертикальные солнечные часы делают на стенах не только южной экспозиции. Например, в замке Валтице в Чехии есть пара часов на противоположных стенах. Одни показывают время примерно до 16:00, другие - после.", "author": 6, "news": 30}}, {"model": "comments.comment", "pk": 27, "fields": {"date_created_at": "2024-05-31T15:45:44.139Z", "text": "опять контакт косячит", "author": 16, "news": 28}}, {"model": "comments.comment", "pk": 28, "fields": {"date_created_at": "2024-05-31T15:46:11.196Z", "text": "Вообще полезная вещь, очень перспективна, в связи с отказом от систем Windows то такая штука на Linux будет востребована", "author": 10, "news": 8}}, {"model": "likes.like", "pk": 1, "fields": {"news": 1, "author": 1, "date_created_at": "2024-05-30T07:14:24.739Z"}}, {"model": "likes.like", "pk": 2, "fields": {"news": 2, "author": 3, "date_created_at": "2024-05-31T08:57:50.804Z"}}, {"model": "likes.like", "pk": 3, "fields": {"news": 27, "author": 5, "date_created_at": "2024-05-30T07:14:24.739Z"}}, {"model": "likes.like", "pk": 4, "fields": {"news": 15, "author": 3, "date_created_at": "2024-05-31T11:00:51.241Z"}}, {"model": "likes.like", "pk": 5, "fields": {"news": 16, "author": 2, "date_created_at": "2024-05-31T13:22:30.002Z"}}, {"model": "likes.like", "pk": 6, "fields": {"news": 16, "author": 3, "date_created_at": "2024-05-31T13:22:35.187Z"}}, {"model": "likes.like", "pk": 7, "fields": {"news": 22, "author": 9, "date_created_at": "2024-05-31T15:11:47.781Z"}}, {"model": "likes.like", "pk": 8, "fields": {"news": 18, "author": 14, "date_created_at": "2024-05-31T15:19:51.267Z"}}, {"model": "likes.like", "pk": 9, "fields": {"news": 23, "author": 10, "date_created_at": "2024-05-31T15:19:57.679Z"}}, {"model": "likes.like", "pk": 10, "fields": {"news": 10, "author": 6, "date_created_at": "2024-05-31T15:20:03.628Z"}}, {"model": "likes.like", "pk": 11, "fields": {"news": 20, "author": 3, "date_created_at": "2024-05-31T15:22:21.599Z"}}, {"model": "likes.like", "pk": 12, "fields": {"news": 24, "author": 5, "date_created_at": "2024-05-31T15:22:29.689Z"}}, {"model": "likes.like", "pk": 13, "fields": {"news": 9, "author": 12, "date_created_at": "2024-05-31T15:22:35.579Z"}}, {"model": "likes.like", "pk": 14, "fields": {"news": 10, "author": 8, "date_created_at": "2024-05-31T15:22:45.183Z"}}, {"model": "likes.like", "pk": 15, "fields": {"news": 1, "author": 9, "date_created_at": "2024-05-31T15:22:52.240Z"}}, {"model": "likes.like", "pk": 16, "fields": {"news": 25, "author": 3, "date_created_at": "2024-05-31T15:22:57.353Z"}}, {"model": "likes.like", "pk": 17, "fields": {"news": 27, "author": 2, "date_created_at": "2024-05-31T15:23:02.992Z"}}, {"model": "likes.like", "pk": 18, "fields": {"news": 22, "author": 5, "date_created_at": "2024-05-31T15:23:09.659Z"}}, {"model": "likes.like", "pk": 19, "fields": {"news": 27, "author": 9, "date_created_at": "2024-05-31T15:23:16.860Z"}}, {"model": "likes.like", "pk": 20, "fields": {"news": 15, "author": 4, "date_created_at": "2024-05-31T15:23:24.338Z"}}, {"model": "likes.like", "pk": 21, "fields": {"news": 19, "author": 13, "date_created_at": "2024-05-31T15:23:34.198Z"}}, {"model": "likes.like", "pk": 22, "fields": {"news": 25, "author": 6, "date_created_at": "2024-05-31T15:39:51.318Z"}}, {"model": "likes.like", "pk": 23, "fields": {"news": 11, "author": 6, "date_created_at": "2024-05-31T15:40:00.464Z"}}, {"model": "likes.like", "pk": 24, "fields": {"news": 26, "author": 9, "date_created_at": "2024-05-31T15:40:07.794Z"}}, {"model": "likes.like", "pk": 25, "fields": {"news": 5, "author": 14, "date_created_at": "2024-05-31T15:40:16.480Z"}}, {"model": "likes.like", "pk": 26, "fields": {"news": 16, "author": 1, "date_created_at": "2024-05-31T15:41:13.095Z"}}, {"model": "likes.like", "pk": 27, "fields": {"news": 8, "author": 4, "date_created_at": "2024-05-31T15:41:19.890Z"}}, {"model": "likes.like", "pk": 28, "fields": {"news": 13, "author": 5, "date_created_at": "2024-05-31T15:41:26.387Z"}}, {"model": "likes.like", "pk": 29, "fields": {"news": 16, "author": 6, "date_created_at": "2024-05-31T15:41:40.741Z"}}, {"model": "likes.like", "pk": 30, "fields": {"news": 21, "author": 7, "date_created_at": "2024-05-31T15:41:47.763Z"}}]